store_id,week_start,promo_label,holiday_week,footfall_actual,rain_mm_actual,store_floor_m2,store_size_category,average_price_eur,returns_eur_after_week,sales_eur,store_zone
S01,2024-01-01,PROMO,0,196,6.0,332,Small,15.39,173.3,8143.14,North
S01,2024-01-08,regular,0,223,10.3,332,Small,15.11,214.6,6664.28,North
S01,2024-01-15,regular,0,262,12.2,332,Small,14.52,305.87,6970.34,North
S01,2024-01-22,regular,0,177,0,332,Small,15.01,318.84,7302.29,North
S01,2024-01-29,regular,0,227,8.9,332,Small,15.97,261.98,7350.22,North
S01,2024-02-05,regular,0,166,10.9,332,Small,14.39,125.06,8839.05,North
S01,2024-02-12,regular,0,189,1.7,332,Small,15.43,142.3,8411.9,North
S01,2024-02-19,regular,0,259,7.2,332,Small,14.49,371.18,7667.79,North
S01,2024-02-26,regular,0,131,17.0,332,Small,15.89,209.04,7005.88,North
S01,2024-03-04,regular,0,223,14.1,332,Small,14.35,225.35,8788.49,North
S01,2024-03-11,PROMO,0,235,0.2,332,Small,15.71,104.15,8005.9,North
S01,2024-03-18,regular,0,277,9.6,332,Small,15.43,287.57,7927.47,North
S01,2024-03-25,regular,0,186,5.0,332,Small,14.51,184.54,6989.64,North
S01,2024-04-01,regular,0,183,3.9,332,Small,15.13,163.04,5789.65,North
S01,2024-04-08,PROMO,0,239,6.5,332,Small,15.47,152.87,6371.63,North
S01,2024-04-15,regular,0,288,2.4,332,Small,16.04,241.14,6763.84,North
S01,2024-04-22,regular,0,238,11.7,332,Small,14.29,203.0,7561.04,North
S01,2024-04-29,regular,0,234,9.5,332,Small,15.92,273.63,6412.87,North
S01,2024-05-06,PROMO,0,330,1.7,332,Small,15.42,198.05,6558.72,North
S01,2024-05-13,regular,0,218,0.6,332,Small,15.87,261.27,5732.07,North
S01,2024-05-20,regular,0,229,11.2,332,Small,15.52,99.62,7091.5,North
S01,2024-05-27,regular,0,250,5.8,332,Small,14.82,231.94,4960.39,North
S01,2024-06-03,regular,0,229,11.5,332,Small,15.01,258.51,6695.75,North
S01,2024-06-10,PROMO,0,270,13.2,332,Small,14.51,170.48,6572.31,North
S01,2024-06-17,regular,0,255,13.4,332,Small,16.04,185.17,4457.64,North
S01,2024-06-24,regular,0,265,14.5,332,Small,14.62,127.57,6447.69,North
S01,2024-07-01,regular,0,257,5.8,332,Small,15.41,154.21,6181.85,North
S01,2024-07-08,regular,0,194,9.2,332,Small,16.05,79.61,5604.31,North
S01,2024-07-15,regular,0,230,8.1,332,Small,16.02,272.52,6184.41,North
S01,2024-07-22,regular,0,236,6.5,332,Small,14.52,167.85,4956.24,North
S01,2024-07-29,regular,0,246,5.3,332,Small,14.43,85.69,5319.15,North
S01,2024-08-05,regular,0,205,9.2,332,Small,16.05,82.62,6124.18,North
S01,2024-08-12,regular,0,192,6.4,332,Small,14.89,195.87,4867.6,North
S01,2024-08-19,regular,0,222,7.1,332,Small,15.49,220.77,6205.08,North
S01,2024-08-26,regular,0,175,12.3,332,Small,14.24,201.97,5285.76,North
S01,2024-09-02,regular,0,239,0,332,Small,14.15,212.38,7457.9,North
S01,2024-09-09,regular,0,231,13.6,332,Small,14.56,111.65,5709.64,North
S01,2024-09-16,regular,0,207,8.9,332,Small,14.57,199.85,5374.46,North
S01,2024-09-23,regular,0,232,15.9,332,Small,15.91,266.47,6276.15,North
S01,2024-09-30,regular,0,188,0.7,332,Small,15.95,317.53,6829.93,North
S01,2024-10-07,regular,0,171,19.1,332,Small,15.31,305.61,6395.1,North
S01,2024-10-14,regular,0,245,11.3,332,Small,15.08,88.15,5877.81,North
S01,2024-10-21,regular,0,264,5.1,332,Small,15.21,181.79,7516.09,North
S01,2024-10-28,regular,0,258,9.0,332,Small,15.51,121.0,6537.89,North
S01,2024-11-04,PROMO,0,229,5.9,332,Small,15.07,88.25,7252.95,North
S01,2024-11-11,regular,0,190,2.0,332,Small,16.05,199.63,6669.22,North
S01,2024-11-18,regular,0,219,5.1,332,Small,14.31,121.23,5920.53,North
S01,2024-11-25,regular,0,188,9.3,332,Small,15.98,357.32,7494.94,North
S01,2024-12-02,PROMO,0,220,3.3,332,Small,15.33,279.39,8070.55,North
S01,2024-12-09,regular,1,223,16.3,332,Small,14.32,258.05,7120.32,North
S01,2024-12-16,regular,1,238,7.3,332,Small,15.05,78.54,7475.67,North
S01,2024-12-23,regular,1,259,8.8,332,Small,15.79,371.23,7532.1,North
S01,2024-12-30,regular,0,202,5.9,332,Small,15.29,208.34,7130.6,North
S01,2025-01-06,regular,0,257,1.3,332,Small,15.64,369.42,7508.48,North
S01,2025-01-13,PROMO,0,238,12.3,332,Small,14.14,391.81,7847.5,North
S01,2025-01-20,regular,0,215,9.7,332,Small,14.7,208.65,8236.46,North
S01,2025-01-27,regular,0,266,7.0,332,Small,14.5,270.28,7247.8,North
S01,2025-02-03,regular,0,259,8.6,332,Small,15.47,201.57,7229.08,North
S01,2025-02-10,regular,0,166,12.6,332,Small,14.82,286.71,7814.36,North
S01,2025-02-17,regular,0,221,6.8,332,Small,15.61,88.81,7279.31,North
S01,2025-02-24,regular,0,245,15.6,332,Small,14.91,140.51,7844.63,North
S01,2025-03-03,regular,0,205,5.3,332,Small,14.36,294.47,6735.43,North
S01,2025-03-10,PROMO,0,222,4.1,332,Small,15.37,392.93,8175.35,North
S01,2025-03-17,regular,0,212,18.2,332,Small,15.14,342.86,7250.4,North
S01,2025-03-24,regular,0,237,2.6,332,Small,14.13,160.21,6505.89,North
S01,2025-03-31,regular,0,231,3.2,332,Small,15.82,129.41,7769.18,North
S01,2025-04-07,PROMO,0,319,5.7,332,Small,14.41,183.67,8344.78,North
S01,2025-04-14,regular,0,216,9.7,332,Small,14.98,63.57,5660.2,North
S01,2025-04-21,regular,0,236,4.8,332,Small,14.81,295.97,6580.24,North
S01,2025-04-28,regular,0,197,8.6,332,Small,14.12,193.65,8090.74,North
S01,2025-05-05,PROMO,0,296,6.4,332,Small,14.41,166.43,5829.9,North
S01,2025-05-12,regular,0,234,0,332,Small,14.16,222.53,6018.51,North
S01,2025-05-19,regular,0,258,7.8,332,Small,15.76,124.61,6614.24,North
S01,2025-05-26,regular,0,249,8.9,332,Small,14.62,275.27,6387.61,North
S01,2025-06-02,regular,0,194,9.3,332,Small,14.22,164.35,5528.86,North
S01,2025-06-09,regular,0,124,4.1,332,Small,15.05,256.08,6229.96,North
S01,2025-06-16,regular,0,176,4.8,332,Small,16.0,81.53,5465.09,North
S01,2025-06-23,regular,0,215,0,332,Small,16.01,261.9,5725.13,North
S01,2025-06-30,regular,0,286,8.7,332,Small,15.68,312.92,6633.37,North
S01,2025-07-07,regular,0,252,24.2,332,Small,15.21,71.36,5325.18,North
S01,2025-07-14,regular,0,204,8.0,332,Small,15.24,165.0,4366.22,North
S01,2025-07-21,regular,0,247,7.2,332,Small,15.83,109.78,6461.22,North
S01,2025-07-28,regular,0,262,10.2,332,Small,15.76,66.6,6366.08,North
S01,2025-08-04,PROMO,0,280,17.9,332,Small,16.06,136.04,6850.43,North
S01,2025-08-11,PROMO,0,232,7.7,332,Small,15.9,86.38,6771.65,North
S01,2025-08-18,PROMO,0,283,10.1,332,Small,15.71,137.25,6773.13,North
S01,2025-08-25,regular,0,190,8.0,332,Small,15.0,182.97,6327.08,North
S01,2025-09-01,PROMO,0,242,5.0,332,Small,15.96,178.23,6953.38,North
S01,2025-09-08,regular,0,238,0,332,Small,14.43,174.14,6920.34,North
S01,2025-09-15,regular,0,251,2.4,332,Small,15.83,245.82,4950.38,North
S01,2025-09-22,PROMO,0,227,13.6,332,Small,15.85,94.73,5779.07,North
S01,2025-09-29,regular,0,254,11.2,332,Small,14.76,268.84,5883.65,North
S01,2025-10-06,regular,0,289,7.2,332,Small,15.08,191.45,6926.69,North
S01,2025-10-13,regular,0,187,8.0,332,Small,15.7,69.39,5860.71,North
S01,2025-10-20,regular,0,232,12.7,332,Small,16.06,76.78,6815.25,North
S01,2025-10-27,regular,0,163,7.0,332,Small,14.59,75.83,6152.04,North
S01,2025-11-03,regular,0,171,8.5,332,Small,14.13,152.58,6326.74,North
S01,2025-11-10,regular,0,240,3.4,332,Small,14.87,274.76,6637.79,North
S01,2025-11-17,PROMO,0,301,11.0,332,Small,14.77,185.58,5983.55,North
S01,2025-11-24,regular,0,267,13.7,332,Small,14.62,188.73,7925.19,North
S01,2025-12-01,regular,0,196,11.6,332,Small,15.4,204.82,7548.24,North
S01,2025-12-08,regular,1,165,4.9,332,Small,14.68,97.63,8997.45,North
S01,2025-12-15,PROMO,1,243,12.5,332,Small,15.46,153.32,8221.58,North
S01,2025-12-22,regular,1,234,0,332,Small,15.81,247.04,7481.73,North
S01,2025-12-29,PROMO,0,287,13.5,332,Small,14.34,99.03,7338.01,North
S02,2024-01-01,promo,0,311,12.1,476,Small,15.85,493.74,11819.06,South
S02,2024-01-08,regular,0,283,1.5,476,Small,15.31,375.72,10938.08,south
S02,2024-01-15,regular,0,287,7.8,476,Small,15.32,391.07,11169.15,south
S02,2024-01-22,regular,0,370,5.0,476,Small,14.33,204.82,10742.61,south
S02,2024-01-29,regular,0,266,6.7,476,Small,15.58,364.32,11516.27,south
S02,2024-02-05,regular,0,254,13.4,476,Small,14.4,423.99,11311.81,south
S02,2024-02-12,regular,0,359,4.9,476,Small,15.31,316.63,10171.07,south
S02,2024-02-19,regular,0,299,14.8,476,Small,14.55,324.98,11065.95,South
S02,2024-02-26,PROMO,0,398,10.6,476,Small,15.54,624.84,12508.98,south
S02,2024-03-04,PROMO,0,395,3.0,476,Small,14.79,490.71,11225.93,south
S02,2024-03-11,regular,0,318,5.5,476,Small,15.92,107.92,10303.59,south
S02,2024-03-18,regular,0,313,11.6,476,Small,14.54,167.99,11819.27,south
S02,2024-03-25,PROMO,0,404,2.6,476,Small,15.08,134.51,10761.9,south
S02,2024-04-01,PROMO,0,398,5.1,476,Small,15.62,423.23,11246.11,south
S02,2024-04-08,regular,0,321,9.1,476,Small,14.94,183.85,9021.91,South
S02,2024-04-15,regular,0,377,7.8,476,Small,15.38,239.14,9399.91,south
S02,2024-04-22,regular,0,304,7.9,476,Small,14.64,160.6,9275.94,south
S02,2024-04-29,regular,0,333,8.0,476,Small,15.08,346.85,9967.64,south
S02,2024-05-06,regular,0,341,0.8,476,Small,15.13,224.41,9639.42,south
S02,2024-05-13,regular,0,287,6.3,476,Small,14.15,244.61,9581.19,south
S02,2024-05-20,regular,0,304,14.2,476,Small,15.79,374.24,9384.52,south
S02,2024-05-20,regular,0,304,14.2,476,Small,15.79,374.24,9384.52,south
S02,2024-05-27,PROMO,0,398,5.2,476,Small,14.63,377.05,9541.98,South
S02,2024-06-03,PROMO,0,370,10.8,476,Small,14.31,369.16,8481.79,south
S02,2024-06-10,regular,0,292,6.5,476,Small,15.73,278.51,8858.33,south
S02,2024-06-17,regular,0,342,5.2,476,Small,15.1,471.74,9485.77,south
S02,2024-06-24,regular,0,321,4.2,476,Small,15.81,412.41,9208.3,south
S02,2024-07-01,regular,0,329,3.4,476,Small,16.07,162.62,8605.77,south
S02,2024-07-08,regular,0,301,6.2,476,Small,14.34,380.53,8204.27,south
S02,2024-07-15,regular,0,350,9.5,476,Small,15.11,273.41,7818.12,South
S02,2024-07-22,regular,0,301,12.4,476,Small,14.52,123.39,8734.71,south
S02,2024-07-29,regular,0,349,12.2,476,Small,14.16,113.64,8300.22,south
S02,2024-08-05,regular,0,396,22.8,476,Small,15.84,282.19,8129.26,south
S02,2024-08-12,regular,0,269,2.7,476,Small,15.76,259.86,8528.64,south
S02,2024-08-19,regular,0,312,6.1,476,Small,14.2,372.46,8570.84,south
S02,2024-08-26,regular,0,347,0.9,476,Small,14.8,283.78,6729.95,south
S02,2024-09-02,regular,0,349,6.7,476,Small,14.68,104.6,8952.03,South
S02,2024-09-09,regular,0,326,5.0,476,Small,15.03,121.88,8812.54,south
S02,2024-09-16,REGULAR,0,360,1.0,476,Small,15.12,152.78,8895.94,south
S02,2024-09-23,PROMO,0,382,4.8,476,Small,15.52,243.8,9982.81,south
S02,2024-09-30,regular,0,297,13.0,476,Small,14.83,168.61,10238.71,south
S02,2024-10-07,regular,0,364,8.0,476,Small,16.01,294.14,9013.64,south
S02,2024-10-14,PROMO,0,396,0,476,Small,15.88,238.27,11053.98,south
S02,2024-10-21,PROMO,0,384,3.4,476,Small,15.88,412.6,10982.27,South
S02,2024-10-28,regular,0,281,1.5,476,Small,14.68,233.95,7976.35,south
S02,2024-11-04,PROMO,0,328,8.9,476,Small,14.64,444.45,10620.31,south
S02,2024-11-11,regular,0,275,11.0,476,Small,14.51,269.3,9897.13,south
S02,2024-11-18,regular,0,313,0.5,476,Small,14.29,378.95,9536.92,south
S02,2024-11-25,regular,0,340,4.8,476,Small,15.85,277.6,9050.99,south
S02,2024-12-02,regular,0,190,1.5,476,Small,15.39,419.92,11707.23,south
S02,2024-12-09,regular,1,334,6.3,476,Small,15.8,285.89,13182.54,South
S02,2024-12-16,regular,1,404,3.1,476,Small,15.17,284.96,11391.98,south
S02,2024-12-23,regular,1,388,3.4,476,Small,15.27,286.71,13706.36,south
S02,2024-12-30,regular,0,383,11.9,476,Small,15.68,449.56,12738.86,south
S02,2025-01-06,regular,0,350,0,476,Small,16.04,175.33,11770.89,south
S02,2025-01-13,PROMO,0,356,0,476,Small,14.64,407.53,12280.66,south
S02,2025-01-20,regular,0,330,5.5,476,Small,14.96,193.31,11016.98,south
S02,2025-01-27,regular,0,353,8.0,476,Small,15.0,308.65,9506.95,South
S02,2025-02-03,regular,0,430,2.0,476,Small,14.33,290.02,10438.89,south
S02,2025-02-10,regular,0,301,11.1,476,Small,15.83,542.66,10957.85,south
S02,2025-02-17,regular,0,273,4.7,476,Small,14.88,302.31,10979.94,south
S02,2025-02-24,regular,0,283,1.4,476,Small,14.13,334.12,10245.52,south
S02,2025-03-03,regular,0,260,10.5,476,Small,15.6,225.07,11169.61,south
S02,2025-03-10,regular,0,321,5.0,476,Small,15.16,275.59,10772.63,south
S02,2025-03-17,regular,0,269,10.6,476,Small,15.97,265.18,9642.33,South
S02,2025-03-24,regular,0,330,12.2,476,Small,15.74,316.62,10395.47,south
S02,2025-03-31,regular,0,331,2.4,476,Small,15.51,161.69,10325.24,south
S02,2025-04-07,regular,0,283,11.2,476,Small,15.56,240.21,10021.98,south
S02,2025-04-14,regular,0,278,7.9,476,Small,16.01,250.71,10604.13,south
S02,2025-04-21,regular,0,337,16.7,476,Small,16.09,182.3,10281.03,south
S02,2025-04-28,regular,0,339,7.1,476,Small,15.96,243.65,11062.45,south
S02,2025-05-05,PROMO,0,360,7.2,476,Small,15.08,273.34,9218.39,South
S02,2025-05-12,PROMO,0,316,12.4,476,Small,14.51,416.2,10032.27,south
S02,2025-05-19,PROMO,0,342,3.8,476,Small,14.72,485.79,10261.28,south
S02,2025-05-26,regular,0,352,7.5,476,Small,15.58,501.49,10394.82,south
S02,2025-06-02,REGULAR,0,283,0,476,Small,14.9,153.22,8817.83,south
S02,2025-06-09,PROMO,0,437,5.4,476,Small,16.0,435.14,9709.58,south
S02,2025-06-16,regular,0,270,14.0,476,Small,14.51,179.55,8933.08,south
S02,2025-06-23,regular,0,286,6.9,476,Small,15.9,287.18,8494.43,South
S02,2025-06-30,regular,0,369,4.6,476,Small,15.22,177.46,8547.48,south
S02,2025-07-07,regular,0,268,1.0,476,Small,14.21,388.77,8063.61,south
S02,2025-07-14,regular,0,278,16.2,476,Small,15.38,394.17,8205.2,south
S02,2025-07-21,regular,0,330,0.1,476,Small,14.47,279.82,6522.39,south
S02,2025-07-28,PROMO,0,338,6.7,476,Small,15.91,408.23,10654.58,south
S02,2025-08-04,regular,0,362,6.6,476,Small,14.31,380.08,8968.1,south
S02,2025-08-11,PROMO,0,359,0,476,Small,15.15,106.16,8574.22,South
S02,2025-08-18,regular,0,294,1.7,476,Small,16.02,335.74,7584.24,south
S02,2025-08-25,regular,0,307,2.6,476,Small,15.7,442.28,9298.22,south
S02,2025-09-01,PROMO,0,393,3.3,476,Small,14.13,241.6,8956.34,south
S02,2025-09-08,regular,0,259,1.8,476,Small,15.57,193.81,7984.46,south
S02,2025-09-15,regular,0,389,0,476,Small,14.76,470.56,9655.09,south
S02,2025-09-22,regular,0,317,10.2,476,Small,15.95,344.46,7934.45,south
S02,2025-09-29,regular,0,264,12.6,476,Small,14.13,131.83,7301.01,South
S02,2025-10-06,regular,0,320,0,476,Small,15.31,223.1,8903.45,south
S02,2025-10-13,regular,0,297,5.4,476,Small,15.08,372.93,7579.11,south
S02,2025-10-20,PROMO,0,376,8.1,476,Small,15.97,144.77,9784.35,south
S02,2025-10-27,PROMO,0,410,5.4,476,Small,14.54,328.21,10013.29,south
S02,2025-11-03,regular,0,276,9.4,476,Small,14.73,458.63,11094.41,south
S02,2025-11-10,regular,0,323,8.5,476,Small,15.15,396.32,10737.95,south
S02,2025-11-17,regular,0,278,9.3,476,Small,15.89,132.46,9769.34,South
S02,2025-11-24,regular,0,319,5.4,476,Small,15.88,260.03,10340.59,south
S02,2025-12-01,regular,0,217,0.1,476,Small,14.24,259.42,9745.43,south
S02,2025-12-08,regular,1,339,3.7,476,Small,15.25,458.33,11860.24,south
S02,2025-12-15,regular,1,307,4.7,476,Small,14.89,467.19,11852.62,south
S02,2025-12-22,regular,1,264,11.6,476,Small,15.56,233.26,11416.02,south
S02,2025-12-29,regular,0,291,10.8,476,Small,15.65,445.59,12175.38,south
S03,2024-01-01,regular,0,405,12.6,651,Large,15.93,281.78,14658.39,North
S03,2024-01-08,regular,0,455,14.1,651,Large,15.6,559.66,13839.1,North
S03,2024-01-15,PROMO,0,448,11.8,651,Large,15.52,761.87,17126.56,North
S03,2024-01-22,regular,0,394,5.5,651,Large,16.04,347.09,14438.72,North
S03,2024-01-29,regular,0,462,10.4,651,Large,15.12,509.07,15563.27,North
S03,2024-02-05,PROMO,0,498,7.4,651,Large,15.17,691.2,16387.35,North
S03,2024-02-12,regular,0,475,13.6,651,Large,14.63,521.49,15881.59,North
S03,2024-02-19,regular,0,492,6.8,651,Large,14.38,665.09,13379.72,North
S03,2024-02-26,PROMO,0,452,3.9,651,Large,14.39,468.91,16592.47,North
S03,2024-03-04,PROMO,0,472,2.3,651,Large,14.85,408.74,16060.77,North
S03,2024-03-11,regular,0,466,8.0,651,Large,14.98,178.24,14967.25,North
S03,2024-03-18,PROMO,0,446,7.2,651,Large,14.78,588.21,15296.55,North
S03,2024-03-25,PROMO,0,498,7.5,651,Large,15.94,235.78,15041.12,North
S03,2024-04-01,regular,0,443,2.1,651,Large,14.15,166.46,14899.83,North
S03,2024-04-08,regular,0,438,0.8,651,Large,14.17,356.66,13060.64,North
S03,2024-04-15,regular,0,419,13.6,651,Large,14.29,553.05,14660.42,North
S03,2024-04-22,regular,0,384,13.5,651,Large,14.16,187.43,13013.78,North
S03,2024-04-29,PROMO,0,446,3.6,651,Large,14.89,253.2,13018.55,North
S03,2024-05-06,regular,0,447,0,651,Large,15.18,308.64,13227.42,North
S03,2024-05-13,regular,0,449,4.0,651,Large,16.07,673.6,14019.57,North
S03,2024-05-20,regular,0,411,0,651,Large,15.32,176.07,11228.1,North
S03,2024-05-27,regular,0,385,9.9,651,Large,15.63,318.47,11894.66,North
S03,2024-06-03,regular,0,453,11.0,651,Large,15.64,458.31,11500.42,North
S03,2024-06-10,regular,0,423,10.9,651,Large,14.44,290.59,11611.47,North
S03,2024-06-17,PROMO,0,428,3.4,651,Large,14.55,156.94,12386.62,North
S03,2024-06-24,regular,0,466,9.8,651,Large,16.08,187.54,10252.75,North
S03,2024-07-01,regular,0,435,0,651,Large,15.42,391.49,12053.58,North
S03,2024-07-08,regular,0,395,8.3,651,Large,15.48,118.15,11383.59,North
S03,2024-07-15,PROMO,0,460,0.9,651,Large,15.48,351.97,12499.99,North
S03,2024-07-22,regular,0,412,12.9,651,Large,15.2,334.4,12771.55,North
S03,2024-07-29,regular,0,405,10.8,651,Large,14.56,328.19,11234.03,North
S03,2024-08-05,regular,0,450,9.2,651,Large,15.74,180.06,10870.83,North
S03,2024-08-12,regular,0,408,4.8,651,Large,15.62,383.74,11055.54,North
S03,2024-08-19,regular,0,413,0,651,Large,14.44,403.35,10024.48,North
S03,2024-08-26,regular,0,444,12.7,651,Large,14.44,181.49,10591.42,North
S03,2024-09-02,regular,0,415,8.4,651,Large,15.44,403.88,11894.81,North
S03,2024-09-09,regular,0,465,12.7,651,Large,14.99,441.95,11660.6,North
S03,2024-09-16,regular,0,405,0,651,Large,15.77,304.51,12703.08,North
S03,2024-09-23,regular,0,432,11.7,651,Large,15.09,221.73,13207.07,North
S03,2024-09-30,regular,0,438,16.4,651,Large,14.13,543.05,11700.93,North
S03,2024-10-07,regular,0,397,10.0,651,Large,15.21,196.8,10847.5,North
S03,2024-10-14,regular,0,376,6.8,651,Large,14.71,294.12,13330.16,North
S03,2024-10-21,regular,0,366,6.3,651,Large,15.19,648.17,13432.58,North
S03,2024-10-28,regular,0,512,9.4,651,Large,14.15,623.97,13554.59,North
S03,2024-11-04,regular,0,409,8.1,651,Large,15.58,254.4,13881.72,North
S03,2024-11-11,PROMO,0,513,13.3,651,Large,14.99,439.38,14937.27,North
S03,2024-11-18,regular,0,365,15.5,651,Large,14.11,247.2,12844.89,North
S03,2024-11-25,PROMO,0,456,2.6,651,Large,15.82,237.22,15881.45,North
S03,2024-12-02,regular,0,406,6.9,651,Large,15.36,532.61,14085.05,North
S03,2024-12-09,regular,1,370,2.0,651,Large,16.05,450.9,16509.04,North
S03,2024-12-16,regular,1,388,11.2,651,Large,15.69,344.23,16930.06,North
S03,2024-12-23,regular,1,417,2.6,651,Large,16.02,193.27,16701.69,North
S03,2024-12-30,regular,0,455,12.6,651,Large,14.19,215.03,12983.12,North
S03,2025-01-06,regular,0,444,1.8,651,Large,15.27,177.0,13670.71,North
S03,2025-01-13,regular,0,422,9.3,651,Large,15.02,178.59,15572.09,North
S03,2025-01-20,PROMO,0,491,6.0,651,Large,14.53,617.09,16964.62,North
S03,2025-01-27,regular,0,436,9.3,651,Large,15.43,390.1,14552.6,North
S03,2025-02-03,PROMO,0,556,2.8,651,Large,15.14,679.86,16478.95,North
S03,2025-02-10,PROMO,0,473,10.6,651,Large,15.6,720.72,18287.74,North
S03,2025-02-17,regular,0,404,11.0,651,Large,14.9,570.68,14943.01,North
S03,2025-02-24,regular,0,432,9.0,651,Large,15.23,550.79,14532.81,North
S03,2025-03-03,regular,0,392,8.3,651,Large,15.25,733.75,-220.0,North
S03,2025-03-10,regular,0,409,1.9,651,Large,15.21,571.92,16007.76,North
S03,2025-03-17,regular,0,403,7.5,651,Large,14.47,743.83,14977.59,North
S03,2025-03-24,PROMO,0,517,14.0,651,Large,15.31,675.99,15452.55,North
S03,2025-03-31,regular,0,397,0,651,Large,14.99,488.19,13879.03,North
S03,2025-04-07,regular,0,400,9.1,651,Large,15.8,677.03,13695.72,North
S03,2025-04-14,regular,0,467,6.5,651,Large,15.38,630.89,13002.79,North
S03,2025-04-21,regular,0,423,9.7,651,Large,15.11,213.52,15019.07,North
S03,2025-04-28,regular,0,443,2.1,651,Large,14.8,555.96,12986.08,North
S03,2025-05-05,regular,0,463,6.9,651,Large,14.9,163.35,12792.89,North
S03,2025-05-12,regular,0,391,6.4,651,Large,15.01,617.11,12959.25,North
S03,2025-05-19,regular,0,497,2.6,651,Large,15.84,350.5,12690.64,North
S03,2025-05-26,regular,0,442,8.1,651,Large,15.58,135.83,12299.98,North
S03,2025-06-02,regular,0,454,5.2,651,Large,14.4,131.28,11568.57,North
S03,2025-06-09,regular,0,452,7.2,651,Large,15.44,456.42,10966.86,North
S03,2025-06-16,regular,0,438,8.7,651,Large,15.74,267.86,12239.6,North
S03,2025-06-23,regular,0,485,9.7,651,Large,15.13,131.98,11427.31,North
S03,2025-06-30,regular,0,432,6.6,651,Large,15.07,233.19,11914.39,North
S03,2025-07-07,regular,0,433,13.2,651,Large,15.71,225.69,10506.4,North
S03,2025-07-14,regular,0,390,9.9,651,Large,14.47,152.85,11260.13,North
S03,2025-07-21,regular,0,452,4.5,651,Large,14.54,314.21,10642.84,North
S03,2025-07-28,PROMO,0,481,7.4,651,Large,14.41,384.49,11881.52,North
S03,2025-08-04,regular,0,469,9.3,651,Large,15.87,584.91,11871.97,North
S03,2025-08-11,regular,0,428,8.0,651,Large,15.65,514.35,10606.93,North
S03,2025-08-18,regular,0,447,4.8,651,Large,16.0,218.3,10732.57,North
S03,2025-08-25,regular,0,351,3.8,651,Large,14.99,353.49,12225.86,North
S03,2025-09-01,PROMO,0,503,18.7,651,Large,14.46,210.74,11097.66,North
S03,2025-09-08,regular,0,470,8.7,651,Large,15.25,389.05,10836.71,North
S03,2025-09-15,regular,0,385,6.7,651,Large,14.76,406.85,10889.89,North
S03,2025-09-22,regular,0,477,4.4,651,Large,15.27,436.43,12804.96,North
S03,2025-09-29,regular,0,450,3.6,651,Large,14.26,286.4,11638.16,North
S03,2025-10-06,regular,0,428,0.6,651,Large,15.12,407.56,11352.92,North
S03,2025-10-13,regular,0,514,10.5,651,Large,15.98,376.68,12299.98,North
S03,2025-10-20,PROMO,0,457,0,651,Large,14.28,267.69,13576.28,North
S03,2025-10-27,regular,0,474,7.5,651,Large,15.45,136.27,12340.53,North
S03,2025-11-03,PROMO,0,435,12.7,651,Large,15.06,667.77,14299.51,North
S03,2025-11-10,regular,0,453,1.5,651,Large,15.18,426.03,13192.78,North
S03,2025-11-17,regular,0,449,6.2,651,Large,14.68,541.32,14951.54,North
S03,2025-11-24,PROMO,0,444,8.3,651,Large,14.61,658.95,14465.03,North
S03,2025-12-01,PROMO,0,484,13.8,651,Large,14.2,263.64,14952.57,North
S03,2025-12-08,regular,1,441,11.6,651,Large,14.23,650.21,14045.63,North
S03,2025-12-15,regular,1,350,13.0,651,Large,14.57,270.89,17188.06,North
S03,2025-12-22,regular,1,466,7.6,651,Large,15.85,684.23,15381.29,North
S03,2025-12-29,PROMO,0,451,5.2,651,Large,15.88,711.23,16514.02,North
S04,2024-01-01,promo,0,459,4.9,598,Large,15.37,285.13,14925.81,South
S04,2024-01-08,regular,0,460,0,598,Large,15.24,499.94,14287.46,south
S04,2024-01-15,regular,0,425,4.0,598,Large,15.85,533.26,13656.7,south
S04,2024-01-22,regular,0,391,0,598,Large,15.27,531.82,13810.7,south
S04,2024-01-29,regular,0,384,11.5,598,Large,14.34,543.28,14675.95,south
S04,2024-02-05,regular,0,337,0,598,Large,14.65,395.38,13753.76,south
S04,2024-02-12,PROMO,0,436,0.9,598,Large,14.31,543.45,14012.96,south
S04,2024-02-19,regular,0,431,2.1,598,Large,14.33,301.87,11903.7,South
S04,2024-02-26,regular,0,454,13.9,598,Large,14.9,585.43,13289.1,south
S04,2024-03-04,PROMO,0,461,0,598,Large,15.66,647.3,15617.14,south
S04,2024-03-11,regular,0,393,18.3,598,Large,15.08,298.56,13689.34,south
S04,2024-03-18,regular,0,360,11.8,598,Large,15.0,639.25,14261.71,south
S04,2024-03-25,PROMO,0,422,5.5,598,Large,14.94,239.07,14730.14,south
S04,2024-04-01,regular,0,438,6.1,598,Large,14.37,335.6,13023.84,south
S04,2024-04-08,regular,0,390,11.8,598,Large,16.08,480.51,10917.75,South
S04,2024-04-15,regular,0,372,5.7,598,Large,15.03,297.21,12970.32,south
S04,2024-04-22,PROMO,0,432,5.6,598,Large,14.79,574.68,12756.06,south
S04,2024-04-29,regular,0,348,8.3,598,Large,15.0,147.53,11926.33,south
S04,2024-05-06,regular,0,428,4.5,598,Large,15.66,228.77,12250.63,south
S04,2024-05-13,regular,0,367,8.7,598,Large,15.79,338.64,12444.86,south
S04,2024-05-20,regular,0,407,8.6,598,Large,14.66,191.76,11197.61,south
S04,2024-05-27,PROMO,0,449,9.4,598,Large,15.48,273.13,11929.33,South
S04,2024-06-03,regular,0,404,3.1,598,Large,15.25,225.21,12095.81,south
S04,2024-06-10,regular,0,394,7.8,598,Large,15.31,371.32,9962.33,south
S04,2024-06-17,PROMO,0,460,1.0,598,Large,14.21,492.09,11845.29,south
S04,2024-06-24,regular,0,354,13.2,598,Large,14.48,283.81,11072.93,south
S04,2024-07-01,regular,0,384,9.0,598,Large,14.25,566.05,11500.52,south
S04,2024-07-08,PROMO,0,542,7.5,598,Large,16.02,468.58,10298.3,south
S04,2024-07-15,PROMO,0,501,0.9,598,Large,15.79,419.58,12008.95,South
S04,2024-07-22,regular,0,350,12.8,598,Large,14.78,394.96,10003.37,south
S04,2024-07-29,regular,0,365,5.8,598,Large,15.39,167.41,9888.41,south
S04,2024-08-05,PROMO,0,430,4.2,598,Large,14.47,186.0,12772.24,south
S04,2024-08-12,regular,0,420,8.2,598,Large,15.11,318.74,11202.6,south
S04,2024-08-19,PROMO,0,476,5.9,598,Large,15.58,495.24,11693.75,south
S04,2024-08-26,regular,0,430,5.5,598,Large,14.13,371.72,9608.17,south
S04,2024-09-02,regular,0,450,11.0,598,Large,14.91,327.71,10586.39,South
S04,2024-09-09,PROMO,0,425,0,598,Large,15.2,183.08,12278.59,south
S04,2024-09-16,REGULAR,0,375,6.9,598,Large,15.86,419.91,11600.88,south
S04,2024-09-23,PROMO,0,436,7.6,598,Large,15.53,370.34,13022.82,south
S04,2024-09-30,regular,0,411,7.7,598,Large,14.69,465.02,11351.44,south
S04,2024-10-07,regular,0,333,0,598,Large,14.77,215.87,11740.17,south
S04,2024-10-14,PROMO,0,493,9.8,598,Large,14.51,137.01,13648.4,south
S04,2024-10-21,regular,0,416,0.6,598,Large,15.07,145.54,11335.75,South
S04,2024-10-28,PROMO,0,495,7.7,598,Large,15.72,502.64,13540.89,south
S04,2024-11-04,regular,0,443,5.6,598,Large,15.56,300.05,11658.01,south
S04,2024-11-11,regular,0,385,10.3,598,Large,15.45,558.27,12944.97,south
S04,2024-11-18,regular,0,452,0,598,Large,15.61,607.95,12561.89,south
S04,2024-11-25,regular,0,426,6.7,598,Large,15.53,647.63,13506.35,south
S04,2024-12-02,regular,0,397,4.5,598,Large,14.67,250.82,13335.66,south
S04,2024-12-09,regular,1,437,5.0,598,Large,15.29,506.49,14608.34,South
S04,2024-12-16,regular,1,457,0.7,598,Large,14.69,458.79,14535.63,south
S04,2024-12-23,regular,1,394,11.0,598,Large,14.1,401.93,14153.69,south
S04,2024-12-30,regular,0,445,0,598,Large,14.4,564.51,14583.12,south
S04,2025-01-06,PROMO,0,446,7.4,598,Large,14.48,663.71,13837.02,south
S04,2025-01-13,regular,0,360,10.7,598,Large,14.72,450.86,13754.56,south
S04,2025-01-20,regular,0,362,0.6,598,Large,14.72,406.83,14258.02,south
S04,2025-01-27,regular,0,450,2.3,598,Large,14.22,235.84,13184.72,South
S04,2025-02-03,regular,0,432,5.4,598,Large,14.67,401.34,13661.31,south
S04,2025-02-10,regular,0,384,3.5,598,Large,15.18,234.03,13134.45,south
S04,2025-02-17,PROMO,0,480,0,598,Large,15.62,438.92,15025.89,south
S04,2025-02-24,regular,0,340,11.3,598,Large,15.52,284.12,14261.69,south
S04,2025-03-03,regular,0,402,1.7,598,Large,14.65,618.88,14147.62,south
S04,2025-03-10,regular,0,482,2.5,598,Large,14.28,234.35,13763.39,south
S04,2025-03-17,PROMO,0,470,13.8,598,Large,16.09,710.09,14560.44,South
S04,2025-03-24,regular,0,419,6.6,598,Large,15.47,639.34,14149.12,south
S04,2025-03-31,regular,0,374,9.0,598,Large,14.49,311.93,13664.86,south
S04,2025-04-07,regular,0,368,12.7,598,Large,15.81,452.56,13678.14,south
S04,2025-04-14,regular,0,418,0,598,Large,15.07,252.1,12238.34,south
S04,2025-04-21,regular,0,365,8.8,598,Large,14.75,598.44,12351.24,south
S04,2025-04-28,regular,0,376,0.3,598,Large,16.04,561.61,11827.23,south
S04,2025-05-05,regular,0,399,0,598,Large,15.4,609.11,12511.81,South
S04,2025-05-12,regular,0,426,8.2,598,Large,15.97,270.81,11252.89,south
S04,2025-05-19,PROMO,0,471,5.6,598,Large,14.84,138.43,11900.8,south
S04,2025-05-26,regular,0,374,3.3,598,Large,15.34,467.97,11028.69,south
S04,2025-06-02,REGULAR,0,445,5.5,598,Large,14.67,230.63,12168.43,south
S04,2025-06-09,regular,0,389,5.0,598,Large,15.54,595.13,12005.65,south
S04,2025-06-16,regular,0,348,10.2,598,Large,15.74,360.6,12692.07,south
S04,2025-06-23,regular,0,357,10.7,598,Large,15.72,278.34,11382.26,South
S04,2025-06-30,regular,0,370,3.6,598,Large,14.22,128.05,9706.17,south
S04,2025-07-07,regular,0,375,8.8,598,Large,15.6,342.26,10306.46,south
S04,2025-07-14,regular,0,375,15.0,598,Large,15.85,388.77,10712.69,south
S04,2025-07-21,regular,0,420,0.7,598,Large,14.56,240.5,9526.42,south
S04,2025-07-28,regular,0,390,3.3,598,Large,14.65,178.28,10552.7,south
S04,2025-08-04,regular,0,390,5.0,598,Large,15.03,358.88,9847.61,south
S04,2025-08-11,regular,0,382,9.4,598,Large,15.59,322.26,10860.09,South
S04,2025-08-18,regular,0,346,8.5,598,Large,14.99,355.1,9052.16,south
S04,2025-08-25,regular,0,360,11.9,598,Large,15.42,198.56,11479.23,south
S04,2025-09-01,regular,0,417,16.7,598,Large,14.85,320.55,11081.79,south
S04,2025-09-08,regular,0,447,14.7,598,Large,14.97,160.67,10060.16,south
S04,2025-09-15,PROMO,0,454,6.4,598,Large,15.49,129.85,12040.41,south
S04,2025-09-22,regular,0,419,8.2,598,Large,15.32,117.13,10931.54,south
S04,2025-09-29,regular,0,377,1.2,598,Large,14.21,320.64,11275.2,South
S04,2025-10-06,regular,0,404,12.7,598,Large,14.68,169.39,9978.55,south
S04,2025-10-13,regular,0,344,9.6,598,Large,15.52,369.4,11845.42,south
S04,2025-10-20,regular,0,493,0,598,Large,14.76,540.6,12756.32,south
S04,2025-10-27,regular,0,414,3.9,598,Large,14.62,335.55,11548.39,south
S04,2025-11-03,regular,0,370,11.9,598,Large,14.64,405.44,12189.65,south
S04,2025-11-10,regular,0,380,10.6,598,Large,15.27,474.31,12335.6,south
S04,2025-11-17,PROMO,0,474,6.4,598,Large,15.89,336.27,14034.56,South
S04,2025-11-24,regular,0,438,7.4,598,Large,15.43,173.05,11670.82,south
S04,2025-12-01,regular,0,410,7.9,598,Large,14.69,658.73,14144.74,south
S04,2025-12-08,regular,1,358,9.0,598,Large,14.42,322.7,15469.93,south
S04,2025-12-15,regular,1,409,3.1,598,Large,14.13,303.41,16595.96,south
S04,2025-12-22,regular,1,315,0.8,598,Large,14.77,644.93,14638.72,south
S04,2025-12-29,regular,0,369,1.1,598,Large,15.5,254.37,11762.78,south
S05,2024-01-01,regular,0,359,7.5,522,Large,14.19,509.47,11777.2,North
S05,2024-01-08,regular,0,402,3.7,522,Large,14.49,258.17,11365.56,North
S05,2024-01-15,regular,0,347,0,522,Large,14.19,279.54,11492.06,North
S05,2024-01-22,regular,0,354,0,522,Large,14.87,409.42,12244.96,North
S05,2024-01-29,regular,0,330,8.3,522,Large,15.94,273.12,11083.01,North
S05,2024-02-05,PROMO,0,418,4.0,522,Large,14.75,264.37,12919.77,North
S05,2024-02-12,regular,0,343,1.2,522,Large,15.06,300.35,11040.47,North
S05,2024-02-19,regular,0,385,9.2,522,Large,15.6,415.01,10905.09,North
S05,2024-02-26,regular,0,313,8.0,522,Large,15.66,136.64,12327.55,North
S05,2024-03-04,regular,0,424,6.7,522,Large,15.07,483.21,12366.51,North
S05,2024-03-11,regular,0,395,15.0,522,Large,14.25,327.05,11330.06,North
S05,2024-03-18,PROMO,0,411,0.1,522,Large,15.34,469.27,12084.48,North
S05,2024-03-25,regular,0,406,10.0,522,Large,14.41,398.35,10946.87,North
S05,2024-04-01,PROMO,0,418,3.7,522,Large,15.12,561.9,12358.91,North
S05,2024-04-08,regular,0,371,12.0,522,Large,15.63,389.4,10383.61,North
S05,2024-04-15,regular,0,328,8.3,522,Large,15.03,178.66,11376.94,North
S05,2024-04-22,regular,0,323,4.6,522,Large,15.84,169.05,9994.77,North
S05,2024-04-29,regular,0,357,0,522,Large,15.26,417.21,9414.32,North
S05,2024-05-06,regular,0,339,7.0,522,Large,14.8,487.5,11022.41,North
S05,2024-05-13,regular,0,333,14.3,522,Large,15.64,432.93,10529.27,North
S05,2024-05-20,PROMO,0,464,12.5,522,Large,14.13,352.61,12348.03,North
S05,2024-05-27,PROMO,0,404,6.9,522,Large,15.83,385.25,10630.31,North
S05,2024-06-03,regular,0,365,10.6,522,Large,15.52,287.36,9695.48,North
S05,2024-06-10,regular,0,355,5.7,522,Large,15.08,210.97,8086.95,North
S05,2024-06-17,regular,0,377,9.1,522,Large,14.46,433.24,9885.71,North
S05,2024-06-24,regular,0,307,1.6,522,Large,14.72,372.65,8736.06,North
S05,2024-07-01,regular,0,343,0,522,Large,16.06,262.04,8800.25,North
S05,2024-07-08,regular,0,420,19.7,522,Large,15.91,352.03,10415.46,North
S05,2024-07-15,PROMO,0,364,7.4,522,Large,15.35,250.4,8817.14,North
S05,2024-07-22,regular,0,348,6.7,522,Large,15.86,295.12,9876.5,North
S05,2024-07-29,regular,0,299,10.4,522,Large,16.06,269.77,8936.58,North
S05,2024-08-05,regular,0,377,3.6,522,Large,16.09,468.18,9666.58,North
S05,2024-08-12,regular,0,338,3.5,522,Large,14.36,107.32,8658.53,North
S05,2024-08-19,regular,0,334,2.3,522,Large,15.37,296.49,8792.29,North
S05,2024-08-26,PROMO,0,410,9.7,522,Large,14.19,280.17,10398.43,North
S05,2024-09-02,regular,0,369,9.4,522,Large,14.2,281.14,9776.32,North
S05,2024-09-09,regular,0,317,1.5,522,Large,15.31,172.51,8153.49,North
S05,2024-09-16,regular,0,363,6.6,522,Large,15.63,515.07,10589.32,North
S05,2024-09-23,regular,0,436,8.4,522,Large,14.29,381.32,8416.0,North
S05,2024-09-30,regular,0,311,6.3,522,Large,15.39,191.01,9096.46,North
S05,2024-10-07,regular,0,304,10.6,522,Large,14.82,180.24,10102.99,North
S05,2024-10-14,regular,0,286,2.6,522,Large,15.84,223.99,10224.58,North
S05,2024-10-21,regular,0,319,6.9,522,Large,14.74,545.97,11101.14,North
S05,2024-10-28,regular,0,312,9.6,522,Large,15.84,263.77,11333.15,North
S05,2024-11-04,regular,0,372,9.1,522,Large,14.5,131.34,10819.07,North
S05,2024-11-11,regular,0,412,4.7,522,Large,15.5,218.49,11155.04,North
S05,2024-11-18,PROMO,0,360,5.9,522,Large,14.7,402.98,12354.03,North
S05,2024-11-25,PROMO,0,372,11.0,522,Large,14.24,158.81,11714.4,North
S05,2024-12-02,PROMO,0,350,8.8,522,Large,14.49,351.51,12373.29,North
S05,2024-12-09,regular,1,337,7.1,522,Large,15.52,335.72,13549.96,North
S05,2024-12-16,regular,1,356,8.0,522,Large,14.74,257.3,12118.53,North
S05,2024-12-23,regular,1,371,0,522,Large,14.63,406.73,12286.62,North
S05,2024-12-30,regular,0,352,1.9,522,Large,16.09,164.48,11133.12,North
S05,2025-01-06,regular,0,392,9.4,522,Large,15.3,128.62,11854.19,North
S05,2025-01-13,regular,0,397,1.9,522,Large,14.35,167.36,11247.68,North
S05,2025-01-20,regular,0,370,11.0,522,Large,14.37,213.57,11350.53,North
S05,2025-01-27,regular,0,347,0,522,Large,15.85,519.62,11797.81,North
S05,2025-02-03,PROMO,0,340,0,522,Large,14.81,603.05,13267.83,North
S05,2025-02-10,regular,0,339,8.2,522,Large,15.56,568.1,12325.19,North
S05,2025-02-17,regular,0,319,4.0,522,Large,15.56,201.84,11242.44,North
S05,2025-02-24,regular,0,316,10.0,522,Large,15.71,211.55,11467.51,North
S05,2025-03-03,PROMO,0,400,5.3,522,Large,15.74,557.43,13683.33,North
S05,2025-03-10,regular,0,350,4.9,522,Large,15.24,137.74,11453.78,North
S05,2025-03-17,regular,0,321,8.1,522,Large,14.5,154.6,10484.31,North
S05,2025-03-24,regular,0,375,9.4,522,Large,15.46,450.0,11610.95,North
S05,2025-03-31,regular,0,326,7.7,522,Large,15.03,156.21,11595.1,North
S05,2025-04-07,regular,0,358,19.2,522,Large,15.06,116.04,11076.0,North
S05,2025-04-14,regular,0,328,7.2,522,Large,14.77,347.67,12046.92,North
S05,2025-04-21,regular,0,372,3.4,522,Large,15.18,237.1,10138.62,North
S05,2025-04-28,regular,0,412,8.1,522,Large,14.34,446.51,9424.5,North
S05,2025-05-05,regular,0,381,6.0,522,Large,15.11,480.0,11122.52,North
S05,2025-05-12,regular,0,340,8.2,522,Large,16.04,304.83,10162.6,North
S05,2025-05-19,regular,0,406,6.0,522,Large,15.62,333.4,9184.11,North
S05,2025-05-26,regular,0,325,0,522,Large,15.09,240.82,11013.47,North
S05,2025-06-02,regular,0,349,3.5,522,Large,14.82,427.38,9310.0,North
S05,2025-06-09,PROMO,0,419,13.8,522,Large,14.74,205.34,9376.77,North
S05,2025-06-16,regular,0,345,5.5,522,Large,15.04,268.95,8992.18,North
S05,2025-06-23,regular,0,348,2.5,522,Large,15.75,168.97,8627.34,North
S05,2025-06-30,regular,0,433,3.6,522,Large,15.72,415.98,9458.45,North
S05,2025-07-07,PROMO,0,435,16.7,522,Large,16.1,528.6,10944.91,North
S05,2025-07-14,regular,0,324,6.1,522,Large,14.72,154.45,9112.02,North
S05,2025-07-21,regular,0,292,0.9,522,Large,14.63,323.25,8684.13,North
S05,2025-07-28,regular,0,373,6.1,522,Large,15.18,182.49,8712.42,North
S05,2025-08-04,regular,0,365,8.9,522,Large,15.49,110.65,10091.07,North
S05,2025-08-11,regular,0,330,3.0,522,Large,15.93,310.53,9044.4,North
S05,2025-08-18,regular,0,326,4.6,522,Large,14.51,339.06,8403.02,North
S05,2025-08-25,regular,0,354,7.7,522,Large,14.83,290.73,9009.25,North
S05,2025-09-01,regular,0,313,6.0,522,Large,14.16,233.14,10016.74,North
S05,2025-09-08,regular,0,319,10.4,522,Large,14.32,425.39,9743.81,North
S05,2025-09-15,PROMO,0,430,10.0,522,Large,15.19,293.35,10870.81,North
S05,2025-09-22,regular,0,371,4.6,522,Large,14.96,255.02,9338.86,North
S05,2025-09-29,PROMO,0,384,9.4,522,Large,15.37,436.09,9581.69,North
S05,2025-10-06,PROMO,0,345,7.1,522,Large,14.78,225.06,10313.33,North
S05,2025-10-13,regular,0,368,14.0,522,Large,14.26,140.27,10260.06,North
S05,2025-10-20,regular,0,317,1.6,522,Large,15.65,391.28,10677.97,North
S05,2025-10-27,regular,0,418,2.3,522,Large,14.8,419.88,10168.84,North
S05,2025-11-03,regular,0,338,15.8,522,Large,15.85,332.67,9561.19,North
S05,2025-11-10,regular,0,385,11.1,522,Large,16.09,120.02,10073.55,North
S05,2025-11-17,regular,0,350,3.1,522,Large,15.72,497.49,10640.64,North
S05,2025-11-24,regular,0,365,5.2,522,Large,15.66,528.79,10829.63,North
S05,2025-12-01,regular,0,353,5.6,522,Large,15.66,387.57,11488.21,North
S05,2025-12-08,regular,1,368,7.8,522,Large,15.7,504.55,13909.07,North
S05,2025-12-15,regular,1,298,7.9,522,Large,16.02,275.87,13440.6,North
S05,2025-12-22,PROMO,1,388,13.1,522,Large,14.21,738.41,14817.54,North
S05,2025-12-29,regular,0,299,5.0,522,Large,15.79,488.49,11332.2,North
S06,2024-01-01,regular,0,358,7.6,494,Small,14.31,224.01,11929.85,South
S06,2024-01-08,regular,0,263,0.8,494,Small,14.5,198.8,10935.78,south
S06,2024-01-15,regular,0,287,0.5,494,Small,14.49,250.31,11355.24,south
S06,2024-01-22,regular,0,335,3.1,494,Small,15.62,184.15,11457.0,south
S06,2024-01-29,regular,0,316,16.3,494,Small,15.94,307.45,11698.2,south
S06,2024-02-05,regular,0,338,12.0,494,Small,15.99,274.54,10580.91,south
S06,2024-02-12,regular,0,264,8.5,494,Small,15.44,545.13,10958.23,south
S06,2024-02-19,regular,0,399,9.6,494,Small,15.4,203.19,10894.1,South
S06,2024-02-26,regular,0,322,4.7,494,Small,15.2,466.45,10104.01,south
S06,2024-03-04,regular,0,279,0,494,Small,14.3,195.92,11706.78,south
S06,2024-03-11,regular,0,328,6.8,494,Small,15.45,393.01,11425.75,south
S06,2024-03-18,regular,0,335,0,494,Small,15.21,283.83,11576.19,south
S06,2024-03-25,regular,0,378,14.6,494,Small,15.39,211.38,10493.75,south
S06,2024-04-01,PROMO,0,343,2.9,494,Small,14.85,480.27,10492.93,south
S06,2024-04-08,regular,0,292,5.1,494,Small,16.05,296.85,10903.31,South
S06,2024-04-15,regular,0,296,12.1,494,Small,14.82,174.57,10169.85,south
S06,2024-04-22,PROMO,0,358,6.7,494,Small,14.62,508.31,11208.88,south
S06,2024-04-29,regular,0,352,12.0,494,Small,15.26,117.22,9330.67,south
S06,2024-05-06,regular,0,345,13.9,494,Small,15.31,140.37,8989.68,south
S06,2024-05-13,regular,0,322,5.5,494,Small,15.93,263.43,10346.26,south
S06,2024-05-20,regular,0,344,10.8,494,Small,15.93,348.4,9242.61,south
S06,2024-05-27,regular,0,364,13.3,494,Small,15.21,327.99,7912.35,South
S06,2024-06-03,regular,0,330,5.0,494,Small,15.42,195.85,8942.81,south
S06,2024-06-10,regular,0,342,6.7,494,Small,15.56,184.95,8059.09,south
S06,2024-06-17,regular,0,317,7.1,494,Small,15.27,279.93,7943.25,south
S06,2024-06-24,regular,0,269,3.4,494,Small,14.73,108.82,8755.66,south
S06,2024-07-01,regular,0,380,7.6,494,Small,16.0,300.88,8953.8,south
S06,2024-07-08,regular,0,337,9.0,494,Small,15.87,439.13,9790.97,south
S06,2024-07-15,PROMO,0,405,3.1,494,Small,14.6,460.9,9851.94,South
S06,2024-07-22,PROMO,0,364,6.2,494,Small,15.82,320.8,10950.04,south
S06,2024-07-29,regular,0,293,8.8,494,Small,15.29,365.03,7834.48,south
S06,2024-08-05,regular,0,373,0,494,Small,14.54,287.68,7866.67,south
S06,2024-08-12,regular,0,300,0,494,Small,16.06,149.47,8606.21,south
S06,2024-08-19,regular,0,384,7.8,494,Small,14.9,109.88,8686.39,south
S06,2024-08-26,PROMO,0,333,12.1,494,Small,15.15,177.89,9401.03,south
S06,2024-09-02,regular,0,340,16.6,494,Small,14.2,101.61,8082.49,South
S06,2024-09-09,PROMO,0,363,0.7,494,Small,15.56,209.37,10829.22,south
S06,2024-09-16,PROMO,0,374,4.0,494,Small,14.28,287.38,8515.83,south
S06,2024-09-23,regular,0,303,2.9,494,Small,15.83,203.86,9275.11,south
S06,2024-09-30,regular,0,391,16.6,494,Small,14.32,464.98,9761.88,south
S06,2024-10-07,regular,0,291,11.0,494,Small,14.73,169.37,9130.32,south
S06,2024-10-14,PROMO,0,273,13.2,494,Small,15.41,476.53,10398.4,south
S06,2024-10-21,regular,0,300,8.6,494,Small,14.69,348.25,9178.57,South
S06,2024-10-28,regular,0,371,4.7,494,Small,15.62,313.26,10311.61,south
S06,2024-11-04,PROMO,0,375,7.3,494,Small,15.62,123.31,10562.51,south
S06,2024-11-11,regular,0,312,15.6,494,Small,14.61,265.02,11019.15,south
S06,2024-11-18,regular,0,330,0.5,494,Small,15.31,340.11,10252.07,south
S06,2024-11-25,regular,0,341,12.3,494,Small,15.98,276.67,10039.18,south
S06,2024-12-02,PROMO,0,445,3.8,494,Small,14.94,470.79,11282.65,south
S06,2024-12-09,regular,1,414,12.9,494,Small,15.7,410.18,12134.09,South
S06,2024-12-16,PROMO,1,411,0.1,494,Small,14.14,495.48,14306.01,south
S06,2024-12-23,regular,1,359,6.1,494,Small,14.95,158.59,12595.81,south
S06,2024-12-30,regular,0,305,0,494,Small,14.32,374.23,10683.09,south
S06,2025-01-06,PROMO,0,367,0.9,494,Small,15.79,520.3,12454.58,south
S06,2025-01-13,regular,0,287,10.0,494,Small,15.88,494.6,12512.35,south
S06,2025-01-20,regular,0,268,0,494,Small,14.74,579.4,12214.61,south
S06,2025-01-27,regular,0,330,1.8,494,Small,15.18,411.1,10891.2,South
S06,2025-02-03,regular,0,423,16.3,494,Small,15.59,183.8,10790.32,south
S06,2025-02-10,PROMO,0,367,7.2,494,Small,16.06,448.66,12318.15,south
S06,2025-02-17,PROMO,0,421,8.1,494,Small,14.58,313.91,12620.96,south
S06,2025-02-24,regular,0,295,10.8,494,Small,15.18,426.45,10781.15,south
S06,2025-03-03,regular,0,189,2.8,494,Small,14.26,204.17,10191.71,south
S06,2025-03-10,regular,0,286,11.3,494,Small,14.35,213.54,12122.55,south
S06,2025-03-17,regular,0,348,11.0,494,Small,14.11,231.06,11457.18,South
S06,2025-03-24,regular,0,378,6.6,494,Small,14.63,293.61,11586.88,south
S06,2025-03-31,PROMO,0,349,4.5,494,Small,14.77,395.6,12719.2,south
S06,2025-04-07,regular,0,321,14.6,494,Small,15.25,498.61,11322.17,south
S06,2025-04-14,regular,0,376,10.4,494,Small,15.36,321.44,11165.87,south
S06,2025-04-21,PROMO,0,414,6.0,494,Small,16.03,413.74,12511.59,south
S06,2025-04-28,regular,0,335,7.7,494,Small,14.73,97.17,9175.13,south
S06,2025-05-05,regular,0,369,6.6,494,Small,14.72,463.58,9689.26,South
S06,2025-05-12,regular,0,352,3.7,494,Small,15.52,209.84,9318.8,south
S06,2025-05-19,regular,0,290,2.4,494,Small,15.21,139.82,10137.7,south
S06,2025-05-26,regular,0,368,1.4,494,Small,15.72,195.34,8723.49,south
S06,2025-06-02,regular,0,301,9.4,494,Small,15.78,136.79,8063.16,south
S06,2025-06-09,PROMO,0,437,6.3,494,Small,14.99,354.74,10410.96,south
S06,2025-06-16,regular,0,362,13.0,494,Small,15.49,294.17,7689.94,south
S06,2025-06-23,regular,0,316,4.0,494,Small,15.91,97.89,9148.88,South
S06,2025-06-30,regular,0,327,7.8,494,Small,15.96,311.34,8431.65,south
S06,2025-07-07,regular,0,352,14.8,494,Small,14.64,314.87,10013.17,south
S06,2025-07-14,regular,0,366,4.2,494,Small,15.91,325.13,7837.22,south
S06,2025-07-21,regular,0,339,5.4,494,Small,15.73,160.11,9213.67,south
S06,2025-07-28,regular,0,376,6.1,494,Small,14.9,390.6,8833.08,south
S06,2025-08-04,regular,0,334,3.5,494,Small,14.76,274.07,8150.03,south
S06,2025-08-11,PROMO,0,318,9.2,494,Small,15.19,440.55,9660.62,South
S06,2025-08-18,PROMO,0,387,14.9,494,Small,14.68,358.31,10491.21,south
S06,2025-08-25,regular,0,283,6.1,494,Small,14.49,139.53,8409.2,south
S06,2025-09-01,regular,0,274,11.9,494,Small,15.84,286.16,7581.42,south
S06,2025-09-08,regular,0,307,12.5,494,Small,14.78,342.71,8695.97,south
S06,2025-09-15,regular,0,328,6.7,494,Small,14.94,130.22,9636.76,south
S06,2025-09-22,regular,0,285,4.3,494,Small,14.82,195.3,7932.22,south
S06,2025-09-29,regular,0,322,1.8,494,Small,14.45,193.18,8363.44,South
S06,2025-10-06,PROMO,0,435,10.1,494,Small,14.81,519.97,10689.36,south
S06,2025-10-13,PROMO,0,376,6.3,494,Small,15.36,486.92,11271.8,south
S06,2025-10-20,regular,0,370,8.1,494,Small,15.69,186.36,9442.17,south
S06,2025-10-27,regular,0,390,15.2,494,Small,14.82,285.17,10061.24,south
S06,2025-11-03,regular,0,360,3.2,494,Small,14.9,132.31,9265.44,south
S06,2025-11-10,PROMO,0,362,7.8,494,Small,15.31,134.85,11830.53,south
S06,2025-11-17,regular,0,302,7.2,494,Small,15.24,588.27,11833.6,South
S06,2025-11-24,regular,0,353,9.9,494,Small,15.83,383.54,11313.41,south
S06,2025-12-01,regular,0,326,3.0,494,Small,16.0,301.44,10152.62,south
S06,2025-12-08,regular,1,284,12.6,494,Small,14.7,462.68,11372.87,south
S06,2025-12-15,regular,1,286,17.4,494,Small,14.69,123.35,12150.69,south
S06,2025-12-22,regular,1,307,8.1,494,Small,14.78,504.47,12216.49,south
S06,2025-12-29,regular,0,358,4.7,494,Small,14.53,217.61,12253.78,south
